"type","category","brand","generic_name","strength","manufacturer","name","primary_unit","secondary_unit","conversion_rate","item_code","medex_url","entry_status","updated_by"
"MEDICINE","Tablet","Abdolax","Sodium Picosulfate","10 mg","Incepta Pharmaceuticals Ltd.","","piece","strip","10","","https://medex.com.bd/brands/31999/abdolax-10-mg-tablet","AI_L1",""
"MEDICINE","Capsule","Adiponil","Orlistat","120 mg","Incepta Pharmaceuticals Ltd.","","piece","strip","10","","https://medex.com.bd/brands/5162/adiponil-120-mg-capsule","AI_L1",""
"MEDICINE","Injection","Adrinor","Adrenaline","1 mg/ml","Incepta Pharmaceuticals Ltd.","","ampoule","box","1","","https://medex.com.bd/brands/244/adrinor-1-mg-injection","AI_L1",""
"MEDICINE","Solution","Aerophin Nebuliser","Racepinephrine","11.25 mg/0.5 ml","Incepta Pharmaceuticals Ltd.","","bottle","box","1","","https://medex.com.bd/brands/30123/aerophin-1125-mg-respirator-solution","AI_L1",""
"MEDICINE","Miscellaneous","Adora","Cefadroxil Monohydrate","125 mg/1.25 ml","Incepta Pharmaceuticals Ltd.","","bottle","box","1","","https://medex.com.bd/brands/6743/adora-125-mg-pediatric-drop","AI_L1",""
"MEDICINE","Injection","Advixa SC","Adalimumab","40 mg/0.8 ml","Incepta Pharmaceuticals Ltd.","","ampoule","box","1","","https://medex.com.bd/brands/17307/advixa-40-mg-injection","AI_L1",""
"MEDICINE","Tablet","Afalino","Cenobamate","12.5 mg","Incepta Pharmaceuticals Ltd.","","piece","strip","10","","https://medex.com.bd/brands/35449/afalino-125-mg-tablet","AI_L1",""
"MEDICINE","Tablet","Afalino","Cenobamate","50 mg","Incepta Pharmaceuticals Ltd.","","piece","strip","10","","https://medex.com.bd/brands/35451/afalino-50-mg-tablet","AI_L1",""
"MEDICINE","Tablet","Aldocort","Fludrocortisone Acetate","0.10 mg","Incepta Pharmaceuticals Ltd.","","piece","strip","10","","https://medex.com.bd/brands/26052/aldocort-010-mg-tablet","AI_L1",""
"MEDICINE","Tablet","Actidex","Dexketoprofen","25 mg","Incepta Pharmaceuticals Ltd.","","piece","strip","10","","https://medex.com.bd/brands/31092/actidex-25-mg-tablet","AI_L1",""
"MEDICINE","Syrup","Alervil","Pheniramine Maleate","15 mg/5 ml","Incepta Pharmaceuticals Ltd.","","bottle","box","1","","https://medex.com.bd/brands/11900/alervil-15-mg-syrup","AI_L1",""
"MEDICINE","Gel","Acnesone","Dapsone","7.5%","Incepta Pharmaceuticals Ltd.","","tube","box","1","","https://medex.com.bd/brands/30844/acnesone-75-gel","AI_L1",""
"MEDICINE","Tablet","Acuren","Hydrochlorothiazide","25 mg","Incepta Pharmaceuticals Ltd.","","piece","strip","10","","https://medex.com.bd/brands/2812/acuren-25-mg-tablet","AI_L1",""
"MEDICINE","Tablet","Ajuben","Deutetrabenazine","6 mg","Incepta Pharmaceuticals Ltd.","","piece","strip","10","","https://medex.com.bd/brands/33446/ajuben-6-mg-tablet","AI_L1",""
"MEDICINE","Tablet","Alaradate","Methylphenidate Hydrochloride","10 mg","Incepta Pharmaceuticals Ltd.","","piece","strip","10","","https://medex.com.bd/brands/37864/alaradate-10-mg-tablet","AI_L1",""
"MEDICINE","Gel","Aknill Topical","Isotretinoin","0.05%","Incepta Pharmaceuticals Ltd.","","tube","box","1","","https://medex.com.bd/brands/21153/aknill-005-topical-gel","AI_L1",""
"MEDICINE","Capsule","Adora","Cefadroxil Monohydrate","500 mg","Incepta Pharmaceuticals Ltd.","","piece","strip","10","","https://medex.com.bd/brands/6741/adora-500-mg-capsule","AI_L1",""
"MEDICINE","Tablet","Akarvia","Favipiravir","200 mg","Incepta Pharmaceuticals Ltd.","","piece","strip","10","","https://medex.com.bd/brands/28327/akarvia-200-mg-tablet","AI_L1",""
"MEDICINE","Capsule","Aknill","Isotretinoin","10 mg","Incepta Pharmaceuticals Ltd.","","piece","strip","10","","https://medex.com.bd/brands/35287/aknill-10-mg-capsule","AI_L1",""
"MEDICINE","Tablet","Acuren","Hydrochlorothiazide","50 mg","Incepta Pharmaceuticals Ltd.","","piece","strip","10","","https://medex.com.bd/brands/2813/acuren-50-mg-tablet","AI_L1",""
"MEDICINE","Solution","Alcafta Ophthalmic","Alcaftadine","0.25%","Incepta Pharmaceuticals Ltd.","","bottle","box","1","","https://medex.com.bd/brands/348/alcafta-025-eye-drop","AI_L1",""
"MEDICINE","Tablet","Alergix MR  (Modified Release)","Mizolastine","10 mg","Incepta Pharmaceuticals Ltd.","","piece","strip","10","","https://medex.com.bd/brands/31137/alergix-mr-10-mg-tablet","AI_L1",""
"MEDICINE","Solution","Abdolax Max Oral","Sodium Picosulfate","7.5 mg/ml","Incepta Pharmaceuticals Ltd.","","bottle","box","1","","https://medex.com.bd/brands/37626/abdolax-max-75-mg-oral-solution","AI_L1",""
"MEDICINE","Gel","Adaben Duo","Adapalene + Benzoyl peroxide","0.1%+2.5%","Incepta Pharmaceuticals Ltd.","","tube","box","1","","https://medex.com.bd/brands/12792/adaben-duo-01-25-gel","AI_L1",""
"MEDICINE","Capsule","Aknill","Isotretinoin","20 mg","Incepta Pharmaceuticals Ltd.","","piece","strip","10","","https://medex.com.bd/brands/35286/aknill-20-mg-capsule","AI_L1",""
"MEDICINE","Tablet","Adora","Cefadroxil Monohydrate","1000 mg","Incepta Pharmaceuticals Ltd.","","piece","strip","10","","https://medex.com.bd/brands/26188/adora-1000-mg-tablet","AI_L1",""
"MEDICINE","Tablet","Ajuben","Deutetrabenazine","12 mg","Incepta Pharmaceuticals Ltd.","","piece","strip","10","","https://medex.com.bd/brands/33447/ajuben-12-mg-tablet","AI_L1",""
"MEDICINE","Powder","Adora  for Suspension","Cefadroxil Monohydrate","125 mg/5 ml","Incepta Pharmaceuticals Ltd.","","bottle","box","1","","https://medex.com.bd/brands/6742/adora-125-mg-suspension","AI_L1",""
"MEDICINE","Tablet","Afalino","Cenobamate","25 mg","Incepta Pharmaceuticals Ltd.","","piece","strip","10","","https://medex.com.bd/brands/35450/afalino-25-mg-tablet","AI_L1",""
"MEDICINE","Solution","Abdolax Oral","Sodium Picosulfate","5 mg/5 ml","Incepta Pharmaceuticals Ltd.","","bottle","box","1","","https://medex.com.bd/brands/32000/abdolax-5-mg-oral-solution","AI_L1",""
"MEDICINE","Tablet","Alfasin XR  (Extended Release)","Alfuzosin Hydrochloride","10 mg","Incepta Pharmaceuticals Ltd.","","piece","strip","10","","https://medex.com.bd/brands/15573/alfasin-xr-10-mg-tablet","AI_L1",""
"MEDICINE","Powder","Algicid JR  for Suspension","Sodium Alginate + Magnesium Alginate","(225 mg + 87.5 mg)/sachet","Incepta Pharmaceuticals Ltd.","","bottle","box","1","","https://medex.com.bd/brands/36719/algicid-jr-225-mg-suspension","AI_L1",""
"MEDICINE","Syrup","Ambolyt","Ambroxol Hydrochloride","15 mg/5 ml","Incepta Pharmaceuticals Ltd.","","bottle","box","1","","https://medex.com.bd/brands/541/ambolyt-15-mg-syrup","AI_L1",""
"MEDICINE","Suspension","Algicid DX Oral","Sodium Alginate + Sodium Bicarbonate + Calcium Carbonate","(500 mg+213 mg+325 mg)/10 ml","Incepta Pharmaceuticals Ltd.","","bottle","box","1","","https://medex.com.bd/brands/32170/algicid-dx-500-mg-suspension","AI_L1",""
"MEDICINE","Injection","Amidol","Iopamidol","370 mg/100 ml","Incepta Pharmaceuticals Ltd.","","ampoule","box","1","","https://medex.com.bd/brands/34198/amidol-370-mg-injection","AI_L1",""
"MEDICINE","Tablet","Amlosartan","Amlodipine Besilate + Valsartan","5 mg+160 mg","Incepta Pharmaceuticals Ltd.","","piece","strip","10","","https://medex.com.bd/brands/3084/amlosartan-5-mg-tablet","AI_L1",""
"MEDICINE","Injection","Amikin IM/IV","Amikacin","100 mg/2 ml","Incepta Pharmaceuticals Ltd.","","ampoule","box","1","","https://medex.com.bd/brands/569/amikin-100-mg-injection","AI_L1",""
"MEDICINE","Injection","Alfagon SC","Recombinant Follicle Stimulating Hormone","75 IU/pre-filled syringe","Incepta Pharmaceuticals Ltd.","","ampoule","box","1","","https://medex.com.bd/brands/38218/alfagon-75-iu-injection","AI_L1",""
"MEDICINE","Tablet","Alfavir","Tenofovir Alafenamide","25 mg","Incepta Pharmaceuticals Ltd.","","piece","strip","10","","https://medex.com.bd/brands/27584/alfavir-25-mg-tablet","AI_L1",""
"MEDICINE","Capsule","Ambolyt SR  (Sustained Release)","Ambroxol Hydrochloride","75 mg","Incepta Pharmaceuticals Ltd.","","piece","strip","10","","https://medex.com.bd/brands/38220/ambolyt-sr-75-mg-capsule","AI_L1",""
"MEDICINE","Capsule","Alneed Gold","Iron Polymaltose Complex + Folic Acid + Zinc + Vitamin B-Complex","N/A","Incepta Pharmaceuticals Ltd.","","piece","strip","10","","https://medex.com.bd/brands/13393/alneed-gold-capsule","AI_L1",""
"MEDICINE","Tablet","Algicid Chewable","Sodium Alginate + Potassium Bicarbonate","500 mg+100 mg","Incepta Pharmaceuticals Ltd.","","piece","strip","10","","https://medex.com.bd/brands/16686/algicid-500-mg-chewable-tablet","AI_L1",""
"MEDICINE","Injection","Amidol","Iopamidol","370 mg/50 ml","Incepta Pharmaceuticals Ltd.","","ampoule","box","1","","https://medex.com.bd/brands/21057/amidol-370-mg-injection","AI_L1",""
"MEDICINE","Suspension","Algicid Plus Oral","Sodium Alginate + Sodium Bicarbonate + Calcium Carbonate","(500 mg+267 mg+160 mg)/10 ml","Incepta Pharmaceuticals Ltd.","","bottle","box","1","","https://medex.com.bd/brands/26556/algicid-plus-500-mg-suspension","AI_L1",""
"MEDICINE","Capsule","Ameloss M  (Extended Release)","Memantine + Donepezil","28 mg+10 mg","Incepta Pharmaceuticals Ltd.","","piece","strip","10","","https://medex.com.bd/brands/34197/ameloss-m-28-mg-capsule","AI_L1",""
"MEDICINE","Suspension","Algicid Oral","Sodium Alginate + Potassium Bicarbonate","(500 mg+100 mg)/5 ml","Incepta Pharmaceuticals Ltd.","","bottle","box","1","","https://medex.com.bd/brands/1396/algicid-500-mg-suspension","AI_L1",""
"MEDICINE","Tablet","Alestor","Allylestrenol","5 mg","Incepta Pharmaceuticals Ltd.","","piece","strip","10","","https://medex.com.bd/brands/25930/alestor-5-mg-tablet","AI_L1",""
"MEDICINE","Injection","Amidol","Iopamidol","300 mg/50 ml","Incepta Pharmaceuticals Ltd.","","ampoule","box","1","","https://medex.com.bd/brands/21058/amidol-300-mg-injection","AI_L1",""
"MEDICINE","Tablet","Alurol","Allopurinol","100 mg","Incepta Pharmaceuticals Ltd.","","piece","strip","10","","https://medex.com.bd/brands/30124/alurol-100-mg-tablet","AI_L1",""
"MEDICINE","Capsule","Ameloss M  (Extended Release)","Memantine + Donepezil","14 mg+10 mg","Incepta Pharmaceuticals Ltd.","","piece","strip","10","","https://medex.com.bd/brands/34196/ameloss-m-14-mg-capsule","AI_L1",""
"MEDICINE","Tablet","Amlotab","Amlodipine Besilate","5 mg","Incepta Pharmaceuticals Ltd.","","piece","strip","10","","https://medex.com.bd/brands/650/amlotab-5-mg-tablet","AI_L1",""
"MEDICINE","Tablet","Aprima","Apremilast","10 mg","Incepta Pharmaceuticals Ltd.","","piece","strip","10","","https://medex.com.bd/brands/25987/aprima-10-mg-tablet","AI_L1",""
"MEDICINE","Injection","Anestho IV","Thiopental Sodium","1 gm/vial","Incepta Pharmaceuticals Ltd.","","ampoule","box","1","","https://medex.com.bd/brands/30501/anestho-1-gm-injection","AI_L1",""
"MEDICINE","Tablet","Aripra","Aripiprazole","15 mg","Incepta Pharmaceuticals Ltd.","","piece","strip","10","","https://medex.com.bd/brands/989/aripra-15-mg-tablet","AI_L1",""
"MEDICINE","IV Infusion","Aritone DX","Multivitamin [water soluble] + 5% Dextrose","N/A","Incepta Pharmaceuticals Ltd.","","piece","box","1","","https://medex.com.bd/brands/37176/aritone-dx-injection","AI_L1",""
"MEDICINE","Syrup","Aritone ZI","Iron Polymaltose Complex + Vitamin B Complex + Zinc","N/A","Incepta Pharmaceuticals Ltd.","","bottle","box","1","","https://medex.com.bd/brands/13361/aritone-zi-syrup","AI_L1",""
"MEDICINE","Tablet","Arpolax","Citalopram Hydrobromide","20 mg","Incepta Pharmaceuticals Ltd.","","piece","strip","10","","https://medex.com.bd/brands/4462/arpolax-20-mg-tablet","AI_L1",""
"MEDICINE","Tablet","Antigall","Ursodeoxycholic Acid","150 mg","Incepta Pharmaceuticals Ltd.","","piece","strip","10","","https://medex.com.bd/brands/25175/antigall-150-mg-tablet","AI_L1",""
"MEDICINE","Tablet","Artemet","Artemether + Lumefantrine","20 mg+120 mg","Incepta Pharmaceuticals Ltd.","","piece","strip","10","","https://medex.com.bd/brands/1006/artemet-20-mg-tablet","AI_L1",""
"MEDICINE","Syrup","Aquaphen","Pseudoephedrine + Guaiphenasine + Triprolidine","(30 mg+100 mg+1.25 mg)/5 ml","Incepta Pharmaceuticals Ltd.","","bottle","box","1","","https://medex.com.bd/brands/4134/aquaphen-30-mg-syrup","AI_L1",""
"MEDICINE","IV Infusion","Amphoject","Amphotericin B","50 mg/vial","Incepta Pharmaceuticals Ltd.","","piece","box","1","","https://medex.com.bd/brands/38199/amphoject-50-mg-injection","AI_L1",""
"MEDICINE","Tablet","Antigall","Ursodeoxycholic Acid","300 mg","Incepta Pharmaceuticals Ltd.","","piece","strip","10","","https://medex.com.bd/brands/25176/antigall-300-mg-tablet","AI_L1",""
"MEDICINE","Injection","Antivenom","Snake Venom Antiserum","N/A","Incepta Pharmaceuticals Ltd.","","ampoule","box","1","","https://medex.com.bd/brands/16684/antivenom-injection","AI_L1",""
"MEDICINE","Tablet","Arofil SR  (Sustained Release)","Theophylline","300 mg","Incepta Pharmaceuticals Ltd.","","piece","strip","10","","https://medex.com.bd/brands/3643/arofil-sr-300-mg-tablet","AI_L1",""
"MEDICINE","Tablet","Amlotab","Amlodipine Besilate","10 mg","Incepta Pharmaceuticals Ltd.","","piece","strip","10","","https://medex.com.bd/brands/17652/amlotab-10-mg-tablet","AI_L1",""
"MEDICINE","IV Infusion","Aritone N","Multivitamin [water soluble] + Normal Saline","N/A","Incepta Pharmaceuticals Ltd.","","piece","box","1","","https://medex.com.bd/brands/35447/aritone-n-injection","AI_L1",""
"MEDICINE","Cream","Anacaine HC","Hydrocortisone + Lidocaine","0.5% + 3%","Incepta Pharmaceuticals Ltd.","","tube","box","1","","https://medex.com.bd/brands/20850/anacaine-hc-05-cream","AI_L1",""
"MEDICINE","Tablet","Angifix","Isosorbide Mononitrate","20 mg","Incepta Pharmaceuticals Ltd.","","piece","strip","10","","https://medex.com.bd/brands/30125/angifix-20-mg-tablet","AI_L1",""
"MEDICINE","Tablet","Arofil SR  (Sustained Release)","Theophylline","400 mg","Incepta Pharmaceuticals Ltd.","","piece","strip","10","","https://medex.com.bd/brands/3644/arofil-sr-400-mg-tablet","AI_L1",""
"MEDICINE","Injection","Anestho IV","Thiopental Sodium","500 mg/vial","Incepta Pharmaceuticals Ltd.","","ampoule","box","1","","https://medex.com.bd/brands/30500/anestho-500-mg-injection","AI_L1",""
"MEDICINE","Cream","Apalene","Adapalene","0.1%","Incepta Pharmaceuticals Ltd.","","tube","box","1","","https://medex.com.bd/brands/171/apalene-01-cream","AI_L1",""
"MEDICINE","Solution","Aqualax Powder for","Polyethylene Glycol 3350","100% w/w","Incepta Pharmaceuticals Ltd.","","bottle","box","1","","https://medex.com.bd/brands/2412/aqualax-100-w-powder-for-solution","AI_L1",""
"MEDICINE","Tablet","Aric","Istradefylline","20 mg","Incepta Pharmaceuticals Ltd.","","piece","strip","10","","https://medex.com.bd/brands/33449/aric-20-mg-tablet","AI_L1",""
"MEDICINE","Injection","Aritone IV  or Infusion","Multivitamin [Vitamin B complex + Vitamin C]","10 ml/vial","Incepta Pharmaceuticals Ltd.","","ampoule","box","1","","https://medex.com.bd/brands/13997/aritone-10-ml-injection","AI_L1",""
"MEDICINE","Tablet","Aprima","Apremilast","30 mg","Incepta Pharmaceuticals Ltd.","","piece","strip","10","","https://medex.com.bd/brands/27583/aprima-30-mg-tablet","AI_L1",""
"MEDICINE","Tablet","Aritone Z","Vitamin B Complex + Zinc","N/A","Incepta Pharmaceuticals Ltd.","","piece","strip","10","","https://medex.com.bd/brands/30126/aritone-z-tablet","AI_L1",""
"MEDICINE","Solution","Aroneb Nebuliser","Arformoterol Tartrate","15 mcg/2 ml","Incepta Pharmaceuticals Ltd.","","bottle","box","1","","https://medex.com.bd/brands/30127/aroneb-15-mcg-respirator-solution","AI_L1",""
"MEDICINE","Solution","Aripra Oral","Aripiprazole","5 mg/5 ml","Incepta Pharmaceuticals Ltd.","","bottle","box","1","","https://medex.com.bd/brands/33361/aripra-5-mg-oral-solution","AI_L1",""
"MEDICINE","Syrup","Aritone Z","Vitamin B Complex + Zinc","N/A","Incepta Pharmaceuticals Ltd.","","bottle","box","1","","https://medex.com.bd/brands/14677/aritone-z-syrup","AI_L1",""
"MEDICINE","Tablet","Aripra","Aripiprazole","10 mg","Incepta Pharmaceuticals Ltd.","","piece","strip","10","","https://medex.com.bd/brands/988/aripra-10-mg-tablet","AI_L1",""
"MEDICINE","Capsule","AztaCap","Astaxanthin","2 mg","Incepta Pharmaceuticals Ltd.","","piece","strip","10","","https://medex.com.bd/brands/37595/aztacap-2-mg-capsule","AI_L1",""
"MEDICINE","Capsule","Artigest","Progesterone Micronized","100 mg","Incepta Pharmaceuticals Ltd.","","piece","strip","10","","https://medex.com.bd/brands/33362/artigest-100-mg-capsule","AI_L1",""
"MEDICINE","Capsule","Azecol","Vitamin C + Vitamin E + Lutein + Copper + Zinc","60 mg+30 mg+6 mg+2 mg+15 mg","Incepta Pharmaceuticals Ltd.","","piece","strip","10","","https://medex.com.bd/brands/16188/azecol-60-mg-capsule","AI_L1",""
"MEDICINE","Tablet","Baricent","Baricitinib","4 mg","Incepta Pharmaceuticals Ltd.","","piece","strip","10","","https://medex.com.bd/brands/33450/baricent-4-mg-tablet","AI_L1",""
"MEDICINE","Capsule","Benadip","Amlodipine Besilate + Benazepril Hydrochloride","5 mg+10 mg","Incepta Pharmaceuticals Ltd.","","piece","strip","10","","https://medex.com.bd/brands/3070/benadip-5-mg-capsule","AI_L1",""
"MEDICINE","Capsule","Benadip","Amlodipine Besilate + Benazepril Hydrochloride","5 mg+20 mg","Incepta Pharmaceuticals Ltd.","","piece","strip","10","","https://medex.com.bd/brands/30580/benadip-5-mg-capsule","AI_L1",""
"MEDICINE","Tablet","Barcavir","Entecavir","0.5 mg","Incepta Pharmaceuticals Ltd.","","piece","strip","10","","https://medex.com.bd/brands/9736/barcavir-05-mg-tablet","AI_L1",""
"MEDICINE","Capsule","Artigest","Progesterone Micronized","200 mg","Incepta Pharmaceuticals Ltd.","","piece","strip","10","","https://medex.com.bd/brands/33363/artigest-200-mg-capsule","AI_L1",""
"MEDICINE","Suspension","Besiven Ophthalmic","Besifloxacin","0.6%","Incepta Pharmaceuticals Ltd.","","bottle","box","1","","https://medex.com.bd/brands/15709/besiven-06-suspension","AI_L1",""
"MEDICINE","Capsule","Benadip","Amlodipine Besilate + Benazepril Hydrochloride","10 mg+20 mg","Incepta Pharmaceuticals Ltd.","","piece","strip","10","","https://medex.com.bd/brands/30579/benadip-10-mg-capsule","AI_L1",""
"MEDICINE","Injection","Barbit","Phenobarbital","200 mg/ml","Incepta Pharmaceuticals Ltd.","","ampoule","box","1","","https://medex.com.bd/brands/4954/barbit-200-mg-injection","AI_L1",""
"MEDICINE","Solution","Barbit Elixir Oral","Phenobarbital","20 mg/5 ml","Incepta Pharmaceuticals Ltd.","","bottle","box","1","","https://medex.com.bd/brands/4953/barbit-elixir-20-mg-oral-solution","AI_L1",""
"MEDICINE","Capsule","Benkinson","Levodopa + Benserazide","200 mg+50 mg","Incepta Pharmaceuticals Ltd.","","piece","strip","10","","https://medex.com.bd/brands/34938/benkinson-200-mg-capsule","AI_L1",""
"MEDICINE","Tablet","Azilpres","Azilsartan Medoxomil","80 mg","Incepta Pharmaceuticals Ltd.","","piece","strip","10","","https://medex.com.bd/brands/33167/azilpres-80-mg-tablet","AI_L1",""
"MEDICINE","Capsule","Benkinson CR  (Controlled Release)","Levodopa + Benserazide","100 mg+25 mg","Incepta Pharmaceuticals Ltd.","","piece","strip","10","","https://medex.com.bd/brands/34939/benkinson-cr-100-mg-capsule","AI_L1",""
"MEDICINE","Capsule","AztaCap","Astaxanthin","4 mg","Incepta Pharmaceuticals Ltd.","","piece","strip","10","","https://medex.com.bd/brands/1054/aztacap-4-mg-capsule","AI_L1",""
"MEDICINE","Tablet","Barcavir","Entecavir","1 mg","Incepta Pharmaceuticals Ltd.","","piece","strip","10","","https://medex.com.bd/brands/9750/barcavir-1-mg-tablet","AI_L1",""
"MEDICINE","Tablet","Azilpres","Azilsartan Medoxomil","40 mg","Incepta Pharmaceuticals Ltd.","","piece","strip","10","","https://medex.com.bd/brands/33046/azilpres-40-mg-tablet","AI_L1",""
"MEDICINE","Miscellaneous","Azelast","Azelastine Hydrochloride","137 mcg/spray","Incepta Pharmaceuticals Ltd.","","puff","box","200","","https://medex.com.bd/brands/30403/azelast-137-mcg-nasal-spray","AI_L1",""
"MEDICINE","Capsule","Benkinson","Levodopa + Benserazide","100 mg+25 mg","Incepta Pharmaceuticals Ltd.","","piece","strip","10","","https://medex.com.bd/brands/34937/benkinson-100-mg-capsule","AI_L1",""
"MEDICINE","Capsule","Benkinson","Levodopa + Benserazide","50 mg+12.5 mg","Incepta Pharmaceuticals Ltd.","","piece","strip","10","","https://medex.com.bd/brands/34936/benkinson-50-mg-capsule","AI_L1",""
"MEDICINE","Syrup","Askorel","Butamirate Citrate","7.5 mg/5 ml","Incepta Pharmaceuticals Ltd.","","bottle","box","1","","https://medex.com.bd/brands/3976/askorel-75-mg-syrup","AI_L1",""
"MEDICINE","Tablet","Barbit","Phenobarbital","60 mg","Incepta Pharmaceuticals Ltd.","","piece","strip","10","","https://medex.com.bd/brands/4952/barbit-60-mg-tablet","AI_L1",""
"MEDICINE","Miscellaneous","Askorel","Butamirate Citrate","5 mg/ml","Incepta Pharmaceuticals Ltd.","","bottle","box","1","","https://medex.com.bd/brands/18423/askorel-5-mg-pediatric-drop","AI_L1",""
"MEDICINE","Tablet","Baricent","Baricitinib","2 mg","Incepta Pharmaceuticals Ltd.","","piece","strip","10","","https://medex.com.bd/brands/30218/baricent-2-mg-tablet","AI_L1",""
"MEDICINE","Injection","Azonam IM/IV","Aztreonam","1 gm/5 ml","Incepta Pharmaceuticals Ltd.","","ampoule","box","1","","https://medex.com.bd/brands/8274/azonam-1-gm-injection","AI_L1",""
"MEDICINE","Tablet","Barbit","Phenobarbital","30 mg","Incepta Pharmaceuticals Ltd.","","piece","strip","10","","https://medex.com.bd/brands/4951/barbit-30-mg-tablet","AI_L1",""
"MEDICINE","Tablet","Askorel SR  (Sustained Release)","Butamirate Citrate","50 mg","Incepta Pharmaceuticals Ltd.","","piece","strip","10","","https://medex.com.bd/brands/3977/askorel-sr-50-mg-tablet","AI_L1",""
"MEDICINE","Tablet","Azilpres Plus","Azilsartan Medoxomil + Chlorthalidone","40 mg+12.5 mg","Incepta Pharmaceuticals Ltd.","","piece","strip","10","","https://medex.com.bd/brands/33168/azilpres-plus-40-mg-tablet","AI_L1",""
"MEDICINE","Capsule","Benadip","Amlodipine Besilate + Benazepril Hydrochloride","2.5 mg+10 mg","Incepta Pharmaceuticals Ltd.","","piece","strip","10","","https://medex.com.bd/brands/30581/benadip-25-mg-capsule","AI_L1",""
"MEDICINE","IV Infusion","Beuflox","Ciprofloxacin","200 mg/100 ml","Incepta Pharmaceuticals Ltd.","","piece","box","1","","https://medex.com.bd/brands/9153/beuflox-200-mg-injection","AI_L1",""
"MEDICINE","Tablet","Bisopro-A","Bisoprolol Fumarate + Amlodipine Besilate","2.5 mg+5 mg","Incepta Pharmaceuticals Ltd.","","piece","strip","10","","https://medex.com.bd/brands/27588/bisopro-a-25-mg-tablet","AI_L1",""
"MEDICINE","Tablet","Bonemass D","Alendronic Acid + Vitamin D3","70 mg+2800 IU","Incepta Pharmaceuticals Ltd.","","piece","strip","10","","https://medex.com.bd/brands/419/bonemass-d-70-mg-tablet","AI_L1",""
"MEDICINE","Tablet","Bone-Guard","Ibandronic Acid","150 mg","Incepta Pharmaceuticals Ltd.","","piece","strip","10","","https://medex.com.bd/brands/14929/bone-guard-150-mg-tablet","AI_L1",""
"MEDICINE","Tablet","Bisopro","Bisoprolol Fumarate","2.5 mg","Incepta Pharmaceuticals Ltd.","","piece","strip","10","","https://medex.com.bd/brands/2487/bisopro-25-mg-tablet","AI_L1",""
"MEDICINE","Powder","Beuflox  for Suspension","Ciprofloxacin","250 mg/5 ml","Incepta Pharmaceuticals Ltd.","","bottle","box","1","","https://medex.com.bd/brands/26190/beuflox-250-mg-suspension","AI_L1",""
"MEDICINE","Solution","Beuflox-D Ophthalmic","Ciprofloxacin + Dexamethasone","0.3%+0.1%","Incepta Pharmaceuticals Ltd.","","bottle","box","1","","https://medex.com.bd/brands/15821/beuflox-d-03-01-eye-drop","AI_L1",""
"MEDICINE","Solution","Beuflox Ophthalmic","Ciprofloxacin","0.3%","Incepta Pharmaceuticals Ltd.","","bottle","box","1","","https://medex.com.bd/brands/9107/beuflox-03-eye-drop","AI_L1",""
"MEDICINE","Tablet","Biofol","Folinic Acid","15 mg","Incepta Pharmaceuticals Ltd.","","piece","strip","10","","https://medex.com.bd/brands/15071/biofol-15-mg-tablet","AI_L1",""
"MEDICINE","Ointment","Betamesal Scalp","Betamethasone Dipropionate + Salicylic Acid","0.05%+3%","Incepta Pharmaceuticals Ltd.","","tube","box","1","","https://medex.com.bd/brands/18260/betamesal-005-3-ointment","AI_L1",""
"MEDICINE","Tablet","Bestron","Conjugated Estrogen + Bazedoxifene","0.45 mg+20 mg","Incepta Pharmaceuticals Ltd.","","piece","strip","10","","https://medex.com.bd/brands/31008/bestron-045-mg-tablet","AI_L1",""
"MEDICINE","Syrup","Brezofil","Doxophylline","100 mg/5 ml","Incepta Pharmaceuticals Ltd.","","bottle","box","1","","https://medex.com.bd/brands/17464/brezofil-100-mg-syrup","AI_L1",""
"MEDICINE","Tablet","Beuflox","Ciprofloxacin","500 mg","Incepta Pharmaceuticals Ltd.","","piece","strip","10","","https://medex.com.bd/brands/9149/beuflox-500-mg-tablet","AI_L1",""
"MEDICINE","Ointment","Betaderm","Betamethasone Valerate","0.1%","Incepta Pharmaceuticals Ltd.","","tube","box","1","","https://medex.com.bd/brands/18208/betaderm-01-ointment","AI_L1",""
"MEDICINE","Tablet","Bisopro","Bisoprolol Fumarate","1.25 mg","Incepta Pharmaceuticals Ltd.","","piece","strip","10","","https://medex.com.bd/brands/38228/bisopro-125-mg-tablet","AI_L1",""
"MEDICINE","Tablet","Brezofil","Doxophylline","400 mg","Incepta Pharmaceuticals Ltd.","","piece","strip","10","","https://medex.com.bd/brands/16544/brezofil-400-mg-tablet","AI_L1",""
"MEDICINE","Tablet","Beuflox","Ciprofloxacin","250 mg","Incepta Pharmaceuticals Ltd.","","piece","strip","10","","https://medex.com.bd/brands/9148/beuflox-250-mg-tablet","AI_L1",""
"MEDICINE","Tablet","Biofol","Folinic Acid","5 mg","Incepta Pharmaceuticals Ltd.","","piece","strip","10","","https://medex.com.bd/brands/18458/biofol-5-mg-tablet","AI_L1",""
"MEDICINE","Tablet","Beuflox","Ciprofloxacin","750 mg","Incepta Pharmaceuticals Ltd.","","piece","strip","10","","https://medex.com.bd/brands/9150/beuflox-750-mg-tablet","AI_L1",""
"MEDICINE","Tablet","Bisopro","Bisoprolol Fumarate","5 mg","Incepta Pharmaceuticals Ltd.","","piece","strip","10","","https://medex.com.bd/brands/2488/bisopro-5-mg-tablet","AI_L1",""
"MEDICINE","Tablet","Brezofil","Doxophylline","200 mg","Incepta Pharmaceuticals Ltd.","","piece","strip","10","","https://medex.com.bd/brands/16445/brezofil-200-mg-tablet","AI_L1",""
"MEDICINE","Lotion","Betamesal Scalp","Betamethasone Dipropionate + Salicylic Acid","0.05%+2%","Incepta Pharmaceuticals Ltd.","","tube","box","1","","https://medex.com.bd/brands/12554/betamesal-005-2-scalp-lotion","AI_L1",""
"MEDICINE","Gel","Bolt Topical","Mucopolysaccharide Polysulphate + Salicylic Acid","0.2%+2%","Incepta Pharmaceuticals Ltd.","","tube","box","1","","https://medex.com.bd/brands/35207/bolt-02-2-topical-gel","AI_L1",""
"MEDICINE","Ointment","Betaderm N","Betamethasone + Neomycin Sulphate","0.1%+0.5%","Incepta Pharmaceuticals Ltd.","","tube","box","1","","https://medex.com.bd/brands/12521/betaderm-n-01-05-ointment","AI_L1",""
"MEDICINE","Tablet","Bisopro Plus","Bisoprolol Fumarate + Hydrochlorothiazide","2.5 mg+6.25 mg","Incepta Pharmaceuticals Ltd.","","piece","strip","10","","https://medex.com.bd/brands/18291/bisopro-plus-25-mg-tablet","AI_L1",""
"MEDICINE","IV Infusion","Bevixa","Bevacizumab","100 mg/4 ml","Incepta Pharmaceuticals Ltd.","","piece","box","1","","https://medex.com.bd/brands/27585/bevixa-100-mg-injection","AI_L1",""
"MEDICINE","Tablet","Brezofil SR  (Sustained Release)","Doxophylline","400 mg","Incepta Pharmaceuticals Ltd.","","piece","strip","10","","https://medex.com.bd/brands/26634/brezofil-sr-400-mg-tablet","AI_L1",""
"MEDICINE","IV Infusion","Bevixa","Bevacizumab","400 mg/16 ml","Incepta Pharmaceuticals Ltd.","","piece","box","1","","https://medex.com.bd/brands/27586/bevixa-400-mg-injection","AI_L1",""
"MEDICINE","Solution","Betastin Ophthalmic","Bepotastine Besilate","1.5%","Incepta Pharmaceuticals Ltd.","","bottle","box","1","","https://medex.com.bd/brands/15925/betastin-15-eye-drop","AI_L1",""
"MEDICINE","Tablet","Bisopro Plus","Bisoprolol Fumarate + Hydrochlorothiazide","5 mg+6.25 mg","Incepta Pharmaceuticals Ltd.","","piece","strip","10","","https://medex.com.bd/brands/18292/bisopro-plus-5-mg-tablet","AI_L1",""
"MEDICINE","Injection","Bumecard IM/IV","Bumetanide","2 mg/4 ml","Incepta Pharmaceuticals Ltd.","","ampoule","box","1","","https://medex.com.bd/brands/2832/bumecard-2-mg-injection","AI_L1",""
"MEDICINE","Capsule","Calcent","Acalabrutinib","100 mg","Incepta Pharmaceuticals Ltd.","","piece","strip","10","","https://medex.com.bd/brands/32401/calcent-100-mg-capsule","AI_L1",""
"MEDICINE","Capsule","Budemet Dry Powder Inhalation  (DPI)","Budesonide + Formoterol Fumarate","400 mcg+12 mcg","Incepta Pharmaceuticals Ltd.","","piece","strip","10","","https://medex.com.bd/brands/3913/budemet-400-mcg-inhalation-capsule","AI_L1",""
"MEDICINE","Tablet","Brigacent","Brigatinib","180 mg","Incepta Pharmaceuticals Ltd.","","piece","strip","10","","https://medex.com.bd/brands/33124/brigacent-180-mg-tablet","AI_L1",""
"MEDICINE","Tablet","Capazi","Vericiguat","10 mg","Incepta Pharmaceuticals Ltd.","","piece","strip","10","","https://medex.com.bd/brands/34930/capazi-10-mg-tablet","AI_L1",""
"MEDICINE","Suspension","Budicort Nebuliser","Budesonide","0.25 mg/2 ml","Incepta Pharmaceuticals Ltd.","","bottle","box","1","","https://medex.com.bd/brands/31722/budicort-025-mg-suspension","AI_L1",""
"MEDICINE","Miscellaneous","Candela","Ciclopirox Olamine","1%","Incepta Pharmaceuticals Ltd.","","piece","box","1","","https://medex.com.bd/brands/31053/candela-1-shampoo","AI_L1",""
"MEDICINE","Tablet","Capazi","Vericiguat","5 mg","Incepta Pharmaceuticals Ltd.","","piece","strip","10","","https://medex.com.bd/brands/34929/capazi-5-mg-tablet","AI_L1",""
"MEDICINE","Tablet","Capitis","Flunarizine","5 mg","Incepta Pharmaceuticals Ltd.","","piece","strip","10","","https://medex.com.bd/brands/34925/capitis-5-mg-tablet","AI_L1",""
"MEDICINE","Tablet","Capazi","Vericiguat","2.5 mg","Incepta Pharmaceuticals Ltd.","","piece","strip","10","","https://medex.com.bd/brands/34928/capazi-25-mg-tablet","AI_L1",""
"MEDICINE","Tablet","Bygerd","Vonoprazan","20 mg","Incepta Pharmaceuticals Ltd.","","piece","strip","10","","https://medex.com.bd/brands/34815/bygerd-20-mg-tablet","AI_L1",""
"MEDICINE","Tablet","Bumecard","Bumetanide","5 mg","Incepta Pharmaceuticals Ltd.","","piece","strip","10","","https://medex.com.bd/brands/2831/bumecard-5-mg-tablet","AI_L1",""
"MEDICINE","Tablet","Cabolac","Cabergoline","0.5 mg","Incepta Pharmaceuticals Ltd.","","piece","strip","10","","https://medex.com.bd/brands/18430/cabolac-05-mg-tablet","AI_L1",""
"MEDICINE","Tablet","Capitis","Flunarizine","10 mg","Incepta Pharmaceuticals Ltd.","","piece","strip","10","","https://medex.com.bd/brands/34926/capitis-10-mg-tablet","AI_L1",""
"MEDICINE","Miscellaneous","Candirox","Ciclopirox Olamine","8% w/v","Incepta Pharmaceuticals Ltd.","","piece","box","1","","https://medex.com.bd/brands/29812/candirox-8-w-nail-lacquer","AI_L1",""
"MEDICINE","Capsule","Budemet Dry Powder Inhalation  (DPI)","Budesonide + Formoterol Fumarate","100 mcg+6 mcg","Incepta Pharmaceuticals Ltd.","","piece","strip","10","","https://medex.com.bd/brands/3911/budemet-100-mcg-inhalation-capsule","AI_L1",""
"MEDICINE","Tablet","Calvimax Plus","Calcium + Vitamin D3 + Multimineral","N/A","Incepta Pharmaceuticals Ltd.","","piece","strip","10","","https://medex.com.bd/brands/14524/calvimax-plus-tablet","AI_L1",""
"MEDICINE","Tablet","Calvimax D","Elemental Calcium + Vitamin D3","500 mg+200 IU","Incepta Pharmaceuticals Ltd.","","piece","strip","10","","https://medex.com.bd/brands/14434/calvimax-d-500-mg-tablet","AI_L1",""
"MEDICINE","Capsule","Budemet Dry Powder Inhalation  (DPI)","Budesonide + Formoterol Fumarate","200 mcg+6 mcg","Incepta Pharmaceuticals Ltd.","","piece","strip","10","","https://medex.com.bd/brands/3912/budemet-200-mcg-inhalation-capsule","AI_L1",""
"MEDICINE","Cream","Candirox","Ciclopirox Olamine","0.77%","Incepta Pharmaceuticals Ltd.","","tube","box","1","","https://medex.com.bd/brands/16373/candirox-077-cream","AI_L1",""
"MEDICINE","Solution","Brimodin Plus Ophthalmic","Brimonidine Tartrate + Timolol Maleate","0.2%+0.5%","Incepta Pharmaceuticals Ltd.","","bottle","box","1","","https://medex.com.bd/brands/16114/brimodin-plus-02-05-eye-drop","AI_L1",""
"MEDICINE","Miscellaneous","Budicort","Budesonide","100 mcg/spray","Incepta Pharmaceuticals Ltd.","","puff","box","200","","https://medex.com.bd/brands/16307/budicort-100-mcg-nasal-spray","AI_L1",""
"MEDICINE","IV Infusion","Brolizum","Pembrolizumab","100 mg/4 ml","Incepta Pharmaceuticals Ltd.","","piece","box","1","","https://medex.com.bd/brands/38200/brolizum-100-mg-injection","AI_L1",""
"MEDICINE","Tablet","Bumecard","Bumetanide","1 mg","Incepta Pharmaceuticals Ltd.","","piece","strip","10","","https://medex.com.bd/brands/2830/bumecard-1-mg-tablet","AI_L1",""
"MEDICINE","Tablet","Calcicar","Calcium Carbonate","500 mg","Incepta Pharmaceuticals Ltd.","","piece","strip","10","","https://medex.com.bd/brands/14279/calcicar-500-mg-tablet","AI_L1",""
"MEDICINE","Solution","Brimodin Ophthalmic","Brimonidine Tartrate","0.2%","Incepta Pharmaceuticals Ltd.","","bottle","box","1","","https://medex.com.bd/brands/16061/brimodin-02-eye-drop","AI_L1",""
"MEDICINE","Suspension","Budicort Nebuliser","Budesonide","0.5 mg/2 ml","Incepta Pharmaceuticals Ltd.","","bottle","box","1","","https://medex.com.bd/brands/3877/budicort-05-mg-suspension","AI_L1",""
"MEDICINE","Tablet","Brigacent","Brigatinib","90 mg","Incepta Pharmaceuticals Ltd.","","piece","strip","10","","https://medex.com.bd/brands/33125/brigacent-90-mg-tablet","AI_L1",""
"MEDICINE","Tablet","Bygerd","Vonoprazan","10 mg","Incepta Pharmaceuticals Ltd.","","piece","strip","10","","https://medex.com.bd/brands/34814/bygerd-10-mg-tablet","AI_L1",""
"MEDICINE","Injection","Carbate IV","Carbetocin","100 mcg/ml","Incepta Pharmaceuticals Ltd.","","ampoule","box","1","","https://medex.com.bd/brands/18553/carbate-100-mcg-injection","AI_L1",""
"MEDICINE","Tablet","Carvista","Carvedilol","25 mg","Incepta Pharmaceuticals Ltd.","","piece","strip","10","","https://medex.com.bd/brands/2521/carvista-25-mg-tablet","AI_L1",""
"MEDICINE","Tablet","Cefaclav","Cefuroxime Axetil + Clavulanic Acid","250 mg+62.5 mg","Incepta Pharmaceuticals Ltd.","","piece","strip","10","","https://medex.com.bd/brands/7385/cefaclav-250-mg-tablet","AI_L1",""
"MEDICINE","Capsule","Catium ES Dry Powder Inhalation  (DPI)","Indacaterol + Glycopyrronium","110 mcg+50 mcg","Incepta Pharmaceuticals Ltd.","","piece","strip","10","","https://medex.com.bd/brands/30211/catium-es-110-mcg-inhalation-capsule","AI_L1",""
"MEDICINE","Capsule","Cefamax","Ceftibuten Dihydrate","400 mg","Incepta Pharmaceuticals Ltd.","","piece","strip","10","","https://medex.com.bd/brands/18968/cefamax-400-mg-capsule","AI_L1",""
"MEDICINE","Tablet","Cefaclav","Cefuroxime Axetil + Clavulanic Acid","125 mg+31.25 mg","Incepta Pharmaceuticals Ltd.","","piece","strip","10","","https://medex.com.bd/brands/7384/cefaclav-125-mg-tablet","AI_L1",""
"MEDICINE","Solution","Catrix Ophthalmic","Adenosine + Cytochrome-C + Sodium Succinate + Nicotinamide","(2 mg+0.5 mg +0.6 mg+10 mg)/ml","Incepta Pharmaceuticals Ltd.","","bottle","box","1","","https://medex.com.bd/brands/16212/catrix-2-mg-eye-drop","AI_L1",""
"MEDICINE","Capsule","Catium Dry Powder Inhalation  (DPI)","Indacaterol + Glycopyrronium","27.5 mcg+15.6 mcg","Incepta Pharmaceuticals Ltd.","","piece","strip","10","","https://medex.com.bd/brands/26195/catium-275-mcg-inhalation-capsule","AI_L1",""
"MEDICINE","Capsule","Caripran","Cariprazine","3 mg","Incepta Pharmaceuticals Ltd.","","piece","strip","10","","https://medex.com.bd/brands/37985/caripran-3-mg-capsule","AI_L1",""
"MEDICINE","Tablet","Cardivit","Vitamin C + Vitamin D3 + Folic acid","400 mg+400 IU+2 mg","Incepta Pharmaceuticals Ltd.","","piece","strip","10","","https://medex.com.bd/brands/14004/cardivit-400-mg-tablet","AI_L1",""
"MEDICINE","Tablet","Caryon","Dydrogesterone","10 mg","Incepta Pharmaceuticals Ltd.","","piece","strip","10","","https://medex.com.bd/brands/29091/caryon-10-mg-tablet","AI_L1",""
"MEDICINE","Capsule","Caterol Dry Powder Inhalation  (DPI)","Indacaterol Maleate","150 mcg","Incepta Pharmaceuticals Ltd.","","piece","strip","10","","https://medex.com.bd/brands/26194/caterol-150-mcg-inhalation-capsule","AI_L1",""
"MEDICINE","Tablet","Cefaclav","Cefuroxime Axetil + Clavulanic Acid","500 mg+125 mg","Incepta Pharmaceuticals Ltd.","","piece","strip","10","","https://medex.com.bd/brands/7386/cefaclav-500-mg-tablet","AI_L1",""
"MEDICINE","Injection","Carbestop","Carboprost Tromethamine","250 mcg/ml","Incepta Pharmaceuticals Ltd.","","ampoule","box","1","","https://medex.com.bd/brands/26047/carbestop-250-mcg-injection","AI_L1",""
"MEDICINE","Capsule","Caterol Dry Powder Inhalation  (DPI)","Indacaterol Maleate","75 mcg","Incepta Pharmaceuticals Ltd.","","piece","strip","10","","https://medex.com.bd/brands/21004/caterol-75-mcg-inhalation-capsule","AI_L1",""
"MEDICINE","Tablet","Cavic-C Plus Effervescent","Calcium Lactate Gluconate + Calcium Carbonate + Vitamin C + Vitamin D3","1000 mg+327 mg (Conventional calcium)+500 mg+400 IU","Incepta Pharmaceuticals Ltd.","","piece","strip","10","","https://medex.com.bd/brands/14502/cavic-c-plus-1000-mg-tablet","AI_L1",""
"MEDICINE","Tablet","Cavic-C Effervescent","Calcium Lactate Gluconate + Calcium Carbonate + Vitamin C","1000 mg+327 mg (Conventional calcium)+500 mg","Incepta Pharmaceuticals Ltd.","","piece","strip","10","","https://medex.com.bd/brands/14393/cavic-c-1000-mg-tablet","AI_L1",""
"MEDICINE","Tablet","Carvista","Carvedilol","6.25 mg","Incepta Pharmaceuticals Ltd.","","piece","strip","10","","https://medex.com.bd/brands/2519/carvista-625-mg-tablet","AI_L1",""
"MEDICINE","Tablet","Carmapine","Carbamazepine","200 mg","Incepta Pharmaceuticals Ltd.","","piece","strip","10","","https://medex.com.bd/brands/30128/carmapine-200-mg-tablet","AI_L1",""
"MEDICINE","Capsule","Catium Trio Dry Powder Inhalation  (DPI)","Indacaterol + Glycopyrronium + Mometasone Furoate","150 mcg+50 mcg+160 mcg","Incepta Pharmaceuticals Ltd.","","piece","strip","10","","https://medex.com.bd/brands/34346/catium-trio-150-mcg-inhalation-capsule","AI_L1",""
"MEDICINE","Capsule","Catium Trio Dry Powder Inhalation  (DPI)","Indacaterol + Glycopyrronium + Mometasone Furoate","150 mcg+50 mcg+80 mcg","Incepta Pharmaceuticals Ltd.","","piece","strip","10","","https://medex.com.bd/brands/34347/catium-trio-150-mcg-inhalation-capsule","AI_L1",""
"MEDICINE","Tablet","Carvista","Carvedilol","12.5 mg","Incepta Pharmaceuticals Ltd.","","piece","strip","10","","https://medex.com.bd/brands/2520/carvista-125-mg-tablet","AI_L1",""
"MEDICINE","Powder","Cefaclav  for Suspension","Cefuroxime Axetil + Clavulanic Acid","(125 mg+31.25 mg)/5 ml","Incepta Pharmaceuticals Ltd.","","bottle","box","1","","https://medex.com.bd/brands/18999/cefaclav-125-mg-suspension","AI_L1",""
"MEDICINE","Tablet","Carmapine CR  (Controlled Release)","Carbamazepine","200 mg","Incepta Pharmaceuticals Ltd.","","piece","strip","10","","https://medex.com.bd/brands/30130/carmapine-cr-200-mg-tablet","AI_L1",""
"MEDICINE","Tablet","Ceegram Effervescent","Vitamin C [Ascorbic acid]","1000 mg","Incepta Pharmaceuticals Ltd.","","piece","strip","10","","https://medex.com.bd/brands/13943/ceegram-1000-mg-tablet","AI_L1",""
"MEDICINE","Capsule","Caripran","Cariprazine","1.5 mg","Incepta Pharmaceuticals Ltd.","","piece","strip","10","","https://medex.com.bd/brands/37379/caripran-15-mg-capsule","AI_L1",""
"MEDICINE","Suspension","Carmapine Oral","Carbamazepine","100 mg/5 ml","Incepta Pharmaceuticals Ltd.","","bottle","box","1","","https://medex.com.bd/brands/30129/carmapine-100-mg-suspension","AI_L1",""
"MEDICINE","Tablet","Carvista","Carvedilol","3.125 mg","Incepta Pharmaceuticals Ltd.","","piece","strip","10","","https://medex.com.bd/brands/33365/carvista-3125-mg-tablet","AI_L1",""
"MEDICINE","Capsule","Cefamax","Ceftibuten Dihydrate","200 mg","Incepta Pharmaceuticals Ltd.","","piece","strip","10","","https://medex.com.bd/brands/33451/cefamax-200-mg-capsule","AI_L1",""
"MEDICINE","Tablet","Carilax","Carisoprodol","250 mg","Incepta Pharmaceuticals Ltd.","","piece","strip","10","","https://medex.com.bd/brands/26193/carilax-250-mg-tablet","AI_L1",""
"MEDICINE","Powder","Cefamax  for Suspension","Ceftibuten Dihydrate","90 mg/5 ml","Incepta Pharmaceuticals Ltd.","","bottle","box","1","","https://medex.com.bd/brands/18969/cefamax-90-mg-suspension","AI_L1",""
"MEDICINE","Solution","Clarizol Topical","Clotrimazole","1%","Incepta Pharmaceuticals Ltd.","","bottle","box","1","","https://medex.com.bd/brands/27589/clarizol-1-topical-solution","AI_L1",""
"MEDICINE","Injection","Cefazol IM/IV","Cefazolin Sodium","1 gm/vial","Incepta Pharmaceuticals Ltd.","","ampoule","box","1","","https://medex.com.bd/brands/30136/cefazol-1-gm-injection","AI_L1",""
"MEDICINE","Injection","Cefotime IM/IV","Cefotaxime","1 gm/10 ml","Incepta Pharmaceuticals Ltd.","","ampoule","box","1","","https://medex.com.bd/brands/7711/cefotime-1-gm-injection","AI_L1",""
"MEDICINE","Powder","Cefamax DS  for Suspension","Ceftibuten Dihydrate","180 mg/5 ml","Incepta Pharmaceuticals Ltd.","","bottle","box","1","","https://medex.com.bd/brands/30134/cefamax-ds-180-mg-suspension","AI_L1",""
"MEDICINE","Injection","Cefazol IM/IV","Cefazolin Sodium","500 mg/vial","Incepta Pharmaceuticals Ltd.","","ampoule","box","1","","https://medex.com.bd/brands/30135/cefazol-500-mg-injection","AI_L1",""
"MEDICINE","Powder","Clindacin  for Suspension","Clindamycin","75 mg/5 ml","Incepta Pharmaceuticals Ltd.","","bottle","box","1","","https://medex.com.bd/brands/8869/clindacin-75-mg-suspension","AI_L1",""
"MEDICINE","Injection","Cenolon IM/IA","Triamcinolone Acetonide","40 mg/ml","Incepta Pharmaceuticals Ltd.","","ampoule","box","1","","https://medex.com.bd/brands/3889/cenolon-40-mg-injection","AI_L1",""
"MEDICINE","Injection","Cefazone IM/IV","Cefoperazone Sodium","2 gm/vial","Incepta Pharmaceuticals Ltd.","","ampoule","box","1","","https://medex.com.bd/brands/30138/cefazone-2-gm-injection","AI_L1",""
"MEDICINE","Tablet","Centradol ER  (Extended Release)","Tapentadol Hydrochloride","100 mg","Incepta Pharmaceuticals Ltd.","","piece","strip","10","","https://medex.com.bd/brands/30139/centradol-er-100-mg-tablet","AI_L1",""
"MEDICINE","Tablet","Citofer","Ferric Citrate","210 mg","Incepta Pharmaceuticals Ltd.","","piece","strip","10","","https://medex.com.bd/brands/30489/citofer-210-mg-tablet","AI_L1",""
"MEDICINE","Tablet","Centradol","Tapentadol Hydrochloride","50 mg","Incepta Pharmaceuticals Ltd.","","piece","strip","10","","https://medex.com.bd/brands/24808/centradol-50-mg-tablet","AI_L1",""
"MEDICINE","Injection","Cispenam IV","Imipenem + Cilastatin","(500 mg+500 mg)/vial","Incepta Pharmaceuticals Ltd.","","ampoule","box","1","","https://medex.com.bd/brands/8206/cispenam-500-mg-injection","AI_L1",""
"MEDICINE","Miscellaneous","Clinail","Amorolfine Hydrochloride","5% w/v","Incepta Pharmaceuticals Ltd.","","piece","box","1","","https://medex.com.bd/brands/29811/clinail-5-w-nail-lacquer","AI_L1",""
"MEDICINE","Injection","Cefotime IM/IV","Cefotaxime","500 mg/10 ml","Incepta Pharmaceuticals Ltd.","","ampoule","box","1","","https://medex.com.bd/brands/7710/cefotime-500-mg-injection","AI_L1",""
"MEDICINE","Tablet","Claudinil","Cilostazol","100 mg","Incepta Pharmaceuticals Ltd.","","piece","strip","10","","https://medex.com.bd/brands/34322/claudinil-100-mg-tablet","AI_L1",""
"MEDICINE","Cream","Clarizol","Clotrimazole","1%","Incepta Pharmaceuticals Ltd.","","tube","box","1","","https://medex.com.bd/brands/33466/clarizol-1-cream","AI_L1",""
"MEDICINE","Injection","Cefotime IM/IV","Cefotaxime","250 mg/5 ml","Incepta Pharmaceuticals Ltd.","","ampoule","box","1","","https://medex.com.bd/brands/7709/cefotime-250-mg-injection","AI_L1",""
"MEDICINE","Miscellaneous","Chirolin Capsule","D-chiro-inositol","500 mg","Incepta Pharmaceuticals Ltd.","","piece","box","1","","https://medex.com.bd/brands/37253/chirolin-500-mg-capsule","AI_L1",""
"MEDICINE","Injection","Cispenam IV","Imipenem + Cilastatin","(250 mg+250 mg)/vial","Incepta Pharmaceuticals Ltd.","","ampoule","box","1","","https://medex.com.bd/brands/8211/cispenam-250-mg-injection","AI_L1",""
"MEDICINE","Miscellaneous","Cenolon","Triamcinolone Acetonide","55 mcg/spray","Incepta Pharmaceuticals Ltd.","","puff","box","200","","https://medex.com.bd/brands/3907/cenolon-55-mcg-nasal-spray","AI_L1",""
"MEDICINE","Capsule","Clindacin","Clindamycin","150 mg","Incepta Pharmaceuticals Ltd.","","piece","strip","10","","https://medex.com.bd/brands/8824/clindacin-150-mg-capsule","AI_L1",""
"MEDICINE","Tablet","Centradol","Tapentadol Hydrochloride","100 mg","Incepta Pharmaceuticals Ltd.","","piece","strip","10","","https://medex.com.bd/brands/33465/centradol-100-mg-tablet","AI_L1",""
"MEDICINE","Miscellaneous","Clarizol","Clotrimazole","1%","Incepta Pharmaceuticals Ltd.","","piece","box","1","","https://medex.com.bd/brands/16240/clarizol-1-ear-drop","AI_L1",""
"MEDICINE","Tablet","Centradol","Tapentadol Hydrochloride","75 mg","Incepta Pharmaceuticals Ltd.","","piece","strip","10","","https://medex.com.bd/brands/26196/centradol-75-mg-tablet","AI_L1",""
"MEDICINE","Suspension","Cholvax Oral","Oral Cholera Vaccine","1.5 ml/vial","Incepta Pharmaceuticals Ltd.","","bottle","box","1","","https://medex.com.bd/brands/30222/cholvax-15-ml-suspension","AI_L1",""
"MEDICINE","Capsule","Celbarin","Ribavirin","200 mg","Incepta Pharmaceuticals Ltd.","","piece","strip","10","","https://medex.com.bd/brands/30131/celbarin-200-mg-capsule","AI_L1",""
"MEDICINE","Miscellaneous","Cenolon","Triamcinolone Acetonide","0.1%","Incepta Pharmaceuticals Ltd.","","piece","box","1","","https://medex.com.bd/brands/33464/cenolon-01-oral-paste","AI_L1",""
"MEDICINE","Lotion","Clindacin","Clindamycin","1%","Incepta Pharmaceuticals Ltd.","","tube","box","1","","https://medex.com.bd/brands/12765/clindacin-1-lotion","AI_L1",""
"MEDICINE","Injection","Cefazone IM/IV","Cefoperazone Sodium","1 gm/vial","Incepta Pharmaceuticals Ltd.","","ampoule","box","1","","https://medex.com.bd/brands/30137/cefazone-1-gm-injection","AI_L1",""
"MEDICINE","Miscellaneous","Cicloson","Ciclesonide","50 mcg/spray","Incepta Pharmaceuticals Ltd.","","puff","box","200","","https://medex.com.bd/brands/19328/cicloson-50-mcg-nasal-spray","AI_L1",""
"MEDICINE","Tablet","Colitrol Plus","Calcium Citrate + Calcitriol","1200 mg+0.25 mcg","Incepta Pharmaceuticals Ltd.","","piece","strip","10","","https://medex.com.bd/brands/37624/colitrol-plus-1200-mg-tablet","AI_L1",""
"MEDICINE","Tablet","Consucon MR  (Modified Release)","Gliclazide","60 mg","Incepta Pharmaceuticals Ltd.","","piece","strip","10","","https://medex.com.bd/brands/20677/consucon-mr-60-mg-tablet","AI_L1",""
"MEDICINE","Tablet","Clopramin","Clomipramine Hydrochloride","25 mg","Incepta Pharmaceuticals Ltd.","","piece","strip","10","","https://medex.com.bd/brands/33810/clopramin-25-mg-tablet","AI_L1",""
"MEDICINE","Tablet","Compimet","Pioglitazone + Metformin Hydrochloride","15 mg+500 mg","Incepta Pharmaceuticals Ltd.","","piece","strip","10","","https://medex.com.bd/brands/5639/compimet-15-mg-tablet","AI_L1",""
"MEDICINE","Capsule","Colitrol","Calcitriol","0.25 mcg","Incepta Pharmaceuticals Ltd.","","piece","strip","10","","https://medex.com.bd/brands/13514/colitrol-025-mcg-capsule","AI_L1",""
"MEDICINE","Miscellaneous","Compiron","Iron Polymaltose Complex","50 mg/ml","Incepta Pharmaceuticals Ltd.","","bottle","box","1","","https://medex.com.bd/brands/38201/compiron-50-mg-pediatric-drop","AI_L1",""
"MEDICINE","Injection","Clindacin IM/IV","Clindamycin","600 mg/4 ml","Incepta Pharmaceuticals Ltd.","","ampoule","box","1","","https://medex.com.bd/brands/26197/clindacin-600-mg-injection","AI_L1",""
"MEDICINE","Solution","Cortan Oral","Prednisolone","5 mg/5 ml","Incepta Pharmaceuticals Ltd.","","bottle","box","1","","https://medex.com.bd/brands/5797/cortan-5-mg-oral-solution","AI_L1",""
"MEDICINE","Capsule","Codcap","Cod Liver Oil","600 IU+85 IU+0.3 IU","Incepta Pharmaceuticals Ltd.","","piece","strip","10","","https://medex.com.bd/brands/13530/codcap-600-iu-capsule","AI_L1",""
"MEDICINE","Tablet","Coolgut Chewable","Hyoscine Hydrobromide","150 mcg","Incepta Pharmaceuticals Ltd.","","piece","strip","10","","https://medex.com.bd/brands/33249/coolgut-150-mcg-chewable-tablet","AI_L1",""
"MEDICINE","Tablet","Cortan","Prednisolone","10 mg","Incepta Pharmaceuticals Ltd.","","piece","strip","10","","https://medex.com.bd/brands/5795/cortan-10-mg-tablet","AI_L1",""
"MEDICINE","Injection","Coxpar IM/IV","Parecoxib","40 mg/vial","Incepta Pharmaceuticals Ltd.","","ampoule","box","1","","https://medex.com.bd/brands/29457/coxpar-40-mg-injection","AI_L1",""
"MEDICINE","Gel","Clindacin Plus Topical","Clindamycin + Tretinoin","1.2%+0.025%","Incepta Pharmaceuticals Ltd.","","tube","box","1","","https://medex.com.bd/brands/12787/clindacin-plus-12-0025-topical-gel","AI_L1",""
"MEDICINE","Gel","Cola","L-Lysine Hydrochloride","15%","Incepta Pharmaceuticals Ltd.","","tube","box","1","","https://medex.com.bd/brands/12889/colagel-15-gel","AI_L1",""
"MEDICINE","Tablet","Consucon","Gliclazide","80 mg","Incepta Pharmaceuticals Ltd.","","piece","strip","10","","https://medex.com.bd/brands/5218/consucon-80-mg-tablet","AI_L1",""
"MEDICINE","Solution","Clinit","Chlorhexidine Gluconate + Cetrimide","0.3%+3%","Incepta Pharmaceuticals Ltd.","","bottle","box","1","","https://medex.com.bd/brands/33371/clinit-03-3-solution","AI_L1",""
"MEDICINE","Syrup","Compiron","Iron Polymaltose Complex","50 mg/5 ml","Incepta Pharmaceuticals Ltd.","","bottle","box","1","","https://medex.com.bd/brands/13125/compiron-50-mg-syrup","AI_L1",""
"MEDICINE","Suspension","Cortan Ophthalmic","Prednisolone Acetate","1%","Incepta Pharmaceuticals Ltd.","","bottle","box","1","","https://medex.com.bd/brands/15912/cortan-1-suspension","AI_L1",""
"MEDICINE","Tablet","Cortan","Prednisolone","2 mg","Incepta Pharmaceuticals Ltd.","","piece","strip","10","","https://medex.com.bd/brands/22289/cortan-2-mg-tablet","AI_L1",""
"MEDICINE","Injection","Clindacin IM/IV","Clindamycin","300 mg/2 ml","Incepta Pharmaceuticals Ltd.","","ampoule","box","1","","https://medex.com.bd/brands/8827/clindacin-300-mg-injection","AI_L1",""
"MEDICINE","Injection","Colitrol IV","Calcitriol","1 mcg/ml","Incepta Pharmaceuticals Ltd.","","ampoule","box","1","","https://medex.com.bd/brands/13515/colitrol-1-mcg-injection","AI_L1",""
"MEDICINE","Tablet","Cortan","Prednisolone","20 mg","Incepta Pharmaceuticals Ltd.","","piece","strip","10","","https://medex.com.bd/brands/5796/cortan-20-mg-tablet","AI_L1",""
"MEDICINE","Capsule","Clindacin","Clindamycin","300 mg","Incepta Pharmaceuticals Ltd.","","piece","strip","10","","https://medex.com.bd/brands/8825/clindacin-300-mg-capsule","AI_L1",""
"MEDICINE","Tablet","Consucon MR  (Modified Release)","Gliclazide","30 mg","Incepta Pharmaceuticals Ltd.","","piece","strip","10","","https://medex.com.bd/brands/5219/consucon-mr-30-mg-tablet","AI_L1",""
"MEDICINE","Inhaler","ConviHaler Metered-Dose  (MDI)","Inhaler device","N/A","Incepta Pharmaceuticals Ltd.","","puff","box","200","","https://medex.com.bd/brands/37625/convihaler-inhaler","AI_L1",""
"MEDICINE","Miscellaneous","ConviPen","Insulin device & needle","N/A","Incepta Pharmaceuticals Ltd.","","piece","box","1","","https://medex.com.bd/brands/34501/convipen-insulin-device","AI_L1",""
"MEDICINE","Tablet","Compimet","Pioglitazone + Metformin Hydrochloride","15 mg+850 mg","Incepta Pharmaceuticals Ltd.","","piece","strip","10","","https://medex.com.bd/brands/27592/compimet-15-mg-tablet","AI_L1",""
"MEDICINE","Tablet","Cortan","Prednisolone","5 mg","Incepta Pharmaceuticals Ltd.","","piece","strip","10","","https://medex.com.bd/brands/5794/cortan-5-mg-tablet","AI_L1",""
"MEDICINE","Miscellaneous","Cliomet","Clioquinol + Flumetasone Pivalate","1%+0.02%","Incepta Pharmaceuticals Ltd.","","piece","box","1","","https://medex.com.bd/brands/16242/cliomet-1-002-ear-drop","AI_L1",""
